ModelName,Nr,Manufacturer,Type,Model,Initial service date,Africa,Middle East/Asia/Pacific,Europe & CIS,North & South America,Total aircraft delivered,Africa2,Middle East/Asia/Pacific3,Europe & CIS4,North & South America5,Total aircraft ordered,Total aircraft (delivered and ordered),Engine Manufacturer,Model / Type,No. of engines,Static thrust (kN),Max. seats (single class),Two class seating,Three class seating,No. abreast,Hold volume (m³),Volume per passenger,Ramp,Max. take-off,Max. landing,Zero-fuel,Max. payload,Max. fuel payload,Design payload,Design fuel load,Operational empty,Ops empty/Max. T/O,Max. payload/Max. T/O,Max. fuel/Max. T/O,Max. landing/Max. T/O,Standard,Optional,Length (m),Height (m),Width (m),Finess Ratio,Area (m²),Span (m),MAC (m),Aspect Ratio,Taper Ratio,Average (t/c) %,1/4 Chord Sweep (º),Trailing Edge Flaps Type,Flap Span/Wing Span,Area (m2),Leading Edge Flaps Type,Area (m²)2,Area (m²)3,Height (m)4,Aspect Ratio5,Taper Ratio6,1/4 Chord Sweep (º)7,Tail Arm (m),Sv/S,SvLv/Sb,Area (m²)8,Span (m)9,Aspect Ratio10,Taper Ratio11,1/4 Chord Sweep (º)12,Tail Arm  (m),Sh/S,ShLh/Sc,Track (m),Wheelbase (m),Turning radius (m),No. of nose wheels,No. of main wheels,Main Wheel diameter (m),Main Wheel width (m),Length (m)13,Max. width (m),Spanwise location,Max. power load (kg/kN),Max. wing load (kg/m2),Thrust/Weight Ratio,ISA sea level,ISA +20ºC SL.,ISA 5000ft,ISA +20ºC 5000ft,ISA sea level.,ISA +20ºC SL.14,ISA 5000ft15,ISA +20ºC 5000ft16,V2,Vapp,Vno,Mmo,Vne,Mne,CLmax (T/O),CLmax (L/D @ MLM),Speed (kt),Altitude (ft),Fuel consumption (kg/h),Speed (kt)17,Altitude (ft)18,Fuel consumption (kg/h)19,Max. payload20,Design range,Max. fuel (+ payload),Ferry range,W/SCLmax,W/SCLtoST,Fuel/pax/nm (kg),Seats x Range (seats.nm)
A300-600R,1,AIRBUS,A300,600R,1974,28,205,83,72,388,0,0,0,37,37,425,PW,4158,2,257,375,266,228,9,116,0.309333333333333,171400,170500,140000,130000,41100,27100,25270,56330,88900,0.521407624633431,0.241055718475073,0.315768328445748,0.821114369501466,68150,75350,53.3,5.64,5.64,9.45035460992908,260,44.84,6.437,7.73317538461539,0.3,10.5,28,F2,0.8,47.3,slats,30.3,45.2,8.6,1.63628318584071,0.365,40,24.9,0.173846153846154,9.65381184382076E-02,69.454,16.26,3.8066576439082,0.42,34,25.6,0.267130769230769,1.06238118569329,9.6,18.6,34,2,8,1.245,0.483,6.7,2.7,0.359,331.712062256809,655.769230769231,0.307305072028363,2280,3189,,,1489,1489,1701,1701,153,136,335,0.82,395,0.88,2.44169638563287,2.97799915435222,480,31000,5120,456,35000,4300,3283,4000,4698,,2160.20751531929,2678.24757301984,5.29417293233083E-02,1064000
A310-300,2,AIRBUS,A310,300,1983,11,69,87,57,224,0,5,1,0,6,230,PW,4152,2,231,280,218,187,9,79.9,0.285357142857143,150900,150000,123000,113000,33300,21500,20710,49624,79666,0.531106666666667,0.222,0.321793333333333,0.82,61100,68300,45.13,5.64,5.64,8.00177304964539,219,43.89,5.89,8.79603698630137,0.283,11.8,28,F1,0.84,36.68,slats,28.54,45.2,8.1,1.45154867256637,0.395,40,20.2,0.206392694063927,9.49904857619349E-02,64,16.26,4.13105625,0.417,34,22.5,0.292237442922374,1.1163569551364,9.6,15.21,31.4,2,8,1.168,0.406,6.3,2.7,0.352,324.675324675325,684.931506849315,0.313965341488277,2290,2450,2950,3660,1490,1490,1686,1686,156,138,360,0.84,420,0.9,2.45313491707241,3.01682781036201,484,35000,4690,458,37000,3730,3645,4300,5076,,2227.23287657093,2702.76878954555,5.29379133774269E-02,937400
A319-100,3,AIRBUS,A319,100,1995,2,0,48,57,107,1,4,82,264,351,458,CFMI,CFM56-5A4,2,99.7,153,124,-,6,27,0.176470588235294,64400,64000,61000,57000,17390,5360,11780,13020,39200,0.6125,0.27171875,0.294521875,0.953125,23860,,33.84,4.14,3.95,8.56708860759494,122.4,33.91,4.288,9.39451062091503,0.24,,25,F1,0.78,21.1,slats,12.64,21.5,6.26,1.82267906976744,0.303,34,10.67,0.175653594771242,5.52705354234488E-02,31,12.45,5.00008064516129,0.256,29,11.67,0.253267973856209,0.689281076236465,7.6,12.6,20.6,2,4,1.143,0.4064,4.44,2.37,0.338,320.962888665998,522.875816993464,0.317596839959225,1750,2080,2360,2870,1350,1350,1530,1530,133,131,381,0.89,350,0.82,2.57643245247532,2.97066394360948,487,33000,3160,446,37000,1980,1355,1900,4158,,1726.688666936,2071.3946089233,5.52631578947368E-02,235600
A320-200,4,AIRBUS,A320,200,1988,27,162,244,237,670,6,47,105,146,304,974,CFMI,CFM56-5A3,2,111.2,179,150,-,6,38.76,0.216536312849162,73900,73500,64500,60500,19190,13500,14250,17940,41310,0.562040816326531,0.26108843537415,0.256454421768708,0.877551020408163,23860,,37.57,4.14,3.95,9.51139240506329,122.4,33.91,4.288,9.39451062091503,0.24,,25,F1,0.78,21.1,slats,12.64,21.5,6.26,1.82267906976744,0.303,34,12.53,0.175653594771242,6.49053241664306E-02,31,12.45,5.00008064516129,0.256,29,13.53,0.253267973856209,0.799140785045361,7.6,12.63,21.9,2,4,1.143,0.4064,4.44,2.37,0.338,330.485611510791,600.490196078431,0.308445498484817,2180,2590,2950,4390,1440,1440,1645,1645,143,134,350,0.82,381,0.89,2.55951296014624,3.00203947891769,487,28000,3200,448,37000,2100,637,2700,3672,,1962.26893913241,2423.84625316958,4.42962962962963E-02,405000
A321-200,5,AIRBUS,A321,200,1993,4,17,84,0,105,0,34,68,0,102,207,CFMI,CFM56-5B3,2,142,220,186,-,6,51.76,0.235272727272727,89400,89000,73500,71500,22780,19060,17670,23330,48000,0.539325842696629,0.255955056179775,0.210370786516854,0.825842696629214,23700,26600,44.51,4.14,3.95,11.2683544303797,122.4,33.91,4.288,9.39451062091503,0.24,,25,F2,0.78,21.1,slats,12.64,21.5,6.26,1.82267906976744,0.303,34,15.2,0.175653594771242,7.87359080071624E-02,31,12.45,5.00008064516129,0.256,29,16.2,0.253267973856209,0.956842625109745,7.6,16.9,29,2,4,1.27,0.455,4.44,2.37,0.338,313.380281690141,727.124183006536,0.325281471555052,2000,2286,3269,,1580,1580,1795,1795,143,138,350,0.82,381,0.89,3.09927419663966,3.22548812699215,487,28000,3550,450,37000,2100,1955,2700,2602,,2211.4755827503,2590.28647712344,4.64555953803266E-02,502200
A330-200,6,AIRBUS,A330,200,1998,--->,--->,--->,--->,--->,--->,--->,--->,--->,--->,--->,GE,CF6-80E1A4,2,310,380,293,253,9,136,0.357894736842105,230900,230000,177150,165142,36400,0,24035,85765,120200,0.522608695652174,0.158260869565217,0.477743913043478,0.770217391304348,139090,,57.77,5.64,5.64,10.2429078014184,363.1,58,7.26,9.26466538143762,0.251,,29.7,S2,0.665,,slats,,47.65,9.44,1.87016998950682,0.35,45,25.2,0.131231065822088,5.70176354951139E-02,31,12.45,5.00008064516129,0.256,29,16.2,0.253267973856209,0.956842625109745,7.6,16.9,29,2,8,,,7,3.1,0.312,370.967741935484,633.434315615533,0.27478615432345,2470,2590,3900,,1750,1750,1970,1970,158,135,330,0.86,365,0.93,2.21162199180716,2.73838854791355,,,,470,39000,,4210,6370,,,2269.21436730481,3146.34001873853,4.59518540942237E-02,1866410
A330-300,7,AIRBUS,A330,300,1994,0,59,17,4,80,0,47,42,42,131,211,GE,CF6-80E1A2,2,300,440,335,295,9,162.9,0.370227272727273,217900,217000,179000,169000,48400,18600,28025,70786,118189,0.544649769585253,0.223041474654378,0.357684331797235,0.824884792626728,98250,,62.47,5.64,5.64,11.0762411347518,363.1,58,7.26,9.26466538143762,0.251,,29.7,S2,0.665,,slats,,45.2,8.45,1.57970132743363,0.35,45,27.5,0.124483613329661,5.90224028718221E-02,72.9,19.06,4.98331412894376,0.36,30,28.6,0.200771137427706,0.790916601987932,10.7,25.4,41.4,2,8,,,7,3.1,0.312,361.666666666667,597.631506472046,0.281852900970983,2320,2680,3840,,1600,1600,1920,1920,144,136,330,0.86,365,0.93,2.51207144779795,2.72644451830571,500,33000,5000,465,39000,4700,3888,4500,7046,,2150.33353480234,2906.75410448955,4.69558872305141E-02,1507500
A340-200,8,AIRBUS,A340,200,1993,--->,--->,--->,--->,--->,--->,--->,--->,--->,--->,--->,CFMI,CFM-56-5C2,4,139,440,303,262,9,136,0.309090909090909,257900,257000,181000,172000,49400,21220,24890,111882,120228,0.467813229571984,0.192217898832685,0.430350194552529,0.704280155642023,140000,,58.21,5.64,5.64,10.3209219858156,363.1,58,7.26,9.26466538143762,0.251,,29.7,S2,0.665,,slats,,45.2,8.45,1.57970132743363,0.35,45,25.5,0.124483613329661,5.47298644811442E-02,72.9,19.06,4.98331412894376,0.36,30,26.5,0.200771137427706,0.732842306037769,10.7,23.2,,2,10,,,4.95,2.37,0.312/0.672,462.230215827338,707.793996144313,0.22053253053146,2790,3260,4320,,1856,1856,2094,2094,154,134,330,0.86,365,0.93,2.60129088611848,2.83981748175099,500,33000,7180,475,39000,5400,6393,7350,8834,,2445.0371007275,4224.13479377497,5.02377584697245E-02,2227050
A340-300,9,AIRBUS,A340,300,1994,8,54,69,9,140,1,10,15,8,34,174,CFMI,CFM-56-5C4,4,151,440,335,295,9,162.9,0.370227272727273,271900,271000,190000,178000,48150,33160,28025,113125,129850,0.479151291512915,0.177675276752768,0.412490774907749,0.701107011070111,141500,148700,62.47,5.64,5.64,11.0762411347518,363.1,58,7.26,9.26466538143762,0.251,,29.7,S2,0.665,,slats,,45.2,8.45,1.57970132743363,0.35,45,27.5,0.124483613329661,5.90224028718221E-02,72.9,19.06,4.98331412894376,0.36,30,28.6,0.200771137427706,0.790916601987932,10.7,25.4,40.6,2,10,,,4.95,2.37,0.312/0.672,448.675496688742,746.350867529606,0.227194932499784,3000,3380,4298,,1964,1964,2227,2227,158,136,330,0.86,365,0.93,2.60586765121626,2.89399138814572,500,33000,7300,475,39000,5700,6371,7150,8089,,2529.96675817916,4242.68853297235,4.72288905124726E-02,2395250
A340-500,10,AIRBUS,A340,500,2002,--->,--->,--->,--->,--->,--->,--->,--->,--->,--->,--->,R-R,Trent 553,4,235.8,440,350,313,9,134.1,0.304772727272727,365900,365000,236000,222000,51635,31450,29735,164875,170390,0.466821917808219,0.141465753424658,0.423396712328767,0.646575342465753,195620,213120,65.6,5.64,5.64,11.6312056737589,437.3,61.2,8.347,8.56492110679168,0.22,,31.1,S2,0.625,,slats,,47.65,9.44,1.87016998950682,0.35,45,27.5,0.108964097873314,0.048962625678368,93,21.5,4.97043010752688,0.36,30,28.6,0.21266864852504,0.728683760370929,10.7,28.53,,2,12,,,6.1,3.05,0.296/0.625,386.980491942324,834.667276469243,0.263415860248838,3100,3550,4250,,2090,2090,2390,2390,,139,330,0.86,365,0.93,,2.85726567698768,,,,,,,7050,8500,9000,9800,2865.70690577003,4144.90733423179,5.54201680672269E-02,2975000
A340-600,11,AIRBUS,A340,600,2002,0,0,0,0,0,2,6,27,5,40,40,R-R,Trent 556,4,249.1,475,440,380,9,187.74,0.395242105263158,365900,365000,254000,240000,63000,29311,36100,151890,177010,0.484958904109589,0.172602739726027,0.423396712328767,0.695890410958904,195620,,69.57,5.64,5.64,12.3351063829787,437.3,61.2,8.347,8.56492110679168,0.22,,31.1,S2,0.625,,slats,,47.65,9.44,1.87016998950682,0.35,45,27.5,0.108964097873314,0.048962625678368,93,21.5,4.97043010752688,0.36,30,28.6,0.21266864852504,0.728683760370929,10.7,32.5,,2,12,,,6.1,3.05,0.296/0.625,366.318747490968,834.667276469243,0.278273497828607,3100,3550,4250,,2240,2240,,,,144,330,0.86,365,0.93,,2.86534522308906,,,,,,,5700,7500,7800,8800,2857.62633981531,3912.53800295498,4.60272727272727E-02,3300000
A3XX-100,12,AIRBUS,A3XX,100,2004,0,0,0,0,0,0,0,0,0,0,0,R-R/GE/PW,Options,4,294,850,,555,10+8,,,540900,540000,381000,356000,85000,15400,52725,216275,271000,0.501851851851852,0.157407407407407,0.463759259259259,0.705555555555556,317000,,67.46,8.5,7.02,9.60968660968661,817,79.8,12.018,7.79441860465116,0.213,,30,S2,0.737,,slats,,134.2,13.66,1.39042921013413,0.424,,28.99,0.164259485924113,5.96727129942359E-02,222.57,31.29,4.3989041649818,0.383,,31.29,0.272423500611995,0.709280357309813,13.47,27.6,,2,22,,,7.3,3.2,0.348/0.678,459.183673469388,660.954712362301,0.221995696001812,,3350,,,,,,,,<150,,,,,,,507,35000,,,,,6200,7650,-,10300,,,,
707-320C,13,BOEING,707,320C,1962,53,31,9,25,120,0,0,0,0,0,120,PW,JT3D-7,4,84.54,219,147,-,6,50.27,0.229543378995434,152405,151315,112037,104330,38100,12851.8,13965,71126,66224,0.437656544295014,0.251792618048442,0.471441760565707,0.740422297855467,90299,,44.35,3.76,3.76,7.3,283.4,44.42,7.36,6.96237261820748,0.259,10,35,F1,0.67,44.22,flaps,,30.47,7.2,1.70134558582212,0.41,30,21,0.107515878616796,5.08292087112273E-02,58.06,13.95,3.35174819152601,0.4,36,20.5,0.204869442484121,0.570628202571262,6.73,17.98,,2,8,1.117,0.406,6,1.6,0.44/0.71,447.465696711616,533.927311220889,0.227809192824455,3054,,,,1905,,,,,135,383,0.9,425,0.95,,2.21892072980058,521,25000,,478,,,3150,,5000,,2360.52908638501,3947.87221166145,,
717-200,14,BOEING,717,200,1999,0,0,0,0,0,0,0,0,60,60,60,BMW R-R,715,2,97.9,110,106,-,5,25,0.227272727272727,52110,51710,46266,43545,12220,8921.4,10070,9965,31675,0.612550763875459,0.236317926900019,0.212235157609747,0.894720556952234,13892,16065,33,3.61,3.61,4.3,92.97,28.4,3.88,8.67548671614499,0.196,11.6,24.5,S2,0.65,,slats,,19.5,4.35,0.970384615384615,0.78,45,12.8,0.209745079057761,9.45329933781456E-02,24.2,10.8,4.8198347107438,0.38,30,14.3,0.260299021189631,0.9593494853123,4.88,17.6,,2,4,,,6.1,1.75,-,264.096016343207,556.200925029579,0.385983857674071,,,,,1445,,,,150,130,438,0.76,,,2.15462986532857,3.01217442676984,,,,438,35000,,,1375,,,1811.42600044957,1788.03670788238,6.83704974271012E-02,145750
727-200Adv,15,BOEING,727,200Adv,1970,58,52,94,799,1003,0,0,0,0,0,1003,PW,JT8D-15A,3,71.2,189,136,-,6,43.1,0.228042328042328,95238,95028,72575,63318,18597,24366.4,12920,35944,46164,0.48579366081576,0.19570021467357,0.254571073788778,0.763722271330555,30622,40068,41.51,3.76,3.76,7,157.9,32.92,5.46,6.86337175427486,0.309,11,32,F3,0.74,36.04,slats/flaps,,33.07,4.6,0.639854853341397,0.78,53,14.2,0.209436352121596,0.090340103284528,34.93,10.9,3.40137417692528,0.38,36,20.1,0.221215959468018,0.81436644419545,5.72,19.28,25,2,4,1.245,0.432,7,1.5,-,444.887640449438,601.823939202027,0.229129312474328,3033,3658,3962,4176,1494,1494,1661,1661,166,137,390,0.9,,0.95,1.90360470495272,2.5050216248343,530,25000,4536,467,33000,4309,2140,2400,,,2356.8231048554,3918.96433177015,0.110122549019608,326400
737-200,16,BOEING,737,200,1967,85,114,147,532,878,0,0,0,0,0,878,PW,JT8D-15A,2,71.2,130,115,-,6,24.78,0.190615384615385,52615,52390,46720,43091,15445,9118.4,10925,13819,27646,0.527696125214736,0.294808169497996,0.340760068715404,0.89177323916778,19532,22598,29.54,3.73,3.73,7.4,91.04,28.35,3.8,8.82823484182777,0.266,12.89,25,F3,0.74,,slats/flaps,,19.7,5.85,1.73718274111675,0.288,35,12.1,0.216388400702988,9.23562486245556E-02,31.31,12.7,5.15138933248164,0.26,30,14.78,0.343914762741652,1.33764741929516,5.23,11.38,,2,4,,,7,1.5,0.3503,367.907303370787,575.461335676626,0.277071964189227,1829,1859,2886,3292,1350,1350,1615,1615,147,131,350,0.84,,,2.32115940483792,3.05897334627208,488,25000,4005,420,35000,2827,1549,1900,2887,,1845.48051386832,2537.70921154487,6.32448512585812E-02,218500
737-300,17,BOEING,737,300,1967,14,194,272,573,1053,1,19,12,11,43,1096,CFMI,CFM56-3-B1,2,89,149,128,-,6,30.2,0.202684563758389,56700,56470,51710,47630,16030,8705,12160,12441,31869,0.564352753674517,0.283867540286878,0.28126350274482,0.915707455285993,20105,23170,32.3,3.73,3.73,7.4,91.04,28.9,3.73,9.1740992970123,0.24,12.89,25,S3,0.72,,slats/flaps,,23.13,6,1.55642023346304,0.31,35,13.68,0.254064147627416,0.120262890641628,31.31,12.7,5.15138933248164,0.26,30,14.78,0.343914762741652,1.36275072207014,5.25,12.4,19.5,2,4,1.016,0.368,4.7,2,0.34,317.247191011236,620.276801405975,0.321316632811085,1939,2109,2432,2637,1396,1396,1576,1576,148,133,340,0.82,,,2.46822981744193,3.28463189638118,491,26000,3890,429,35000,2250,1578,2850,3187,,1852.54104988039,2196.64364657838,3.41036184210526E-02,364800
737-400,18,BOEING,737,400,1967,7,142,216,97,462,0,5,4,5,14,476,CFMI,CFM56-3B-2,2,97.9,170,146,-,6,38.9,0.228823529411765,63050,62820,54880,51250,17740,13366,13870,15580,33370,0.531200254695957,0.282394141992996,0.252832696593442,0.873607131486788,20105,23170,35.3,3.73,3.73,7.4,91.04,28.9,3.73,9.1740992970123,0.24,12.89,25,S3,0.72,,slats/flaps,,23.13,6,1.55642023346304,0.31,35,14.9,0.254064147627416,0.130988089953235,31.31,12.7,5.15138933248164,0.26,30,16,0.343914762741652,1.47523758816794,5.25,14.3,,2,4,1.016,0.368,4.7,2,0.34,320.837589376915,690.026362038664,0.317720873612324,2222,2475,,,1582,1582,1695,1695,159,138,340,0.82,,,2.3790026235608,3.23795925859036,492,26000,3307,430,35000,2377,1950,2700,2830,,2090.56324400642,2506.93190822056,3.95230847285642E-02,394200
737-500,19,BOEING,737,500,1967,17,49,145,165,376,0,2,1,1,4,380,CFMI,CFM56-3-B1R,2,82.3,130,108,-,6,23.3,0.179230769230769,52620,52390,49900,46490,15530,5280,10260,11170,30960,0.590952471845772,0.296430616529872,0.303167589234587,0.952471845772094,20105,23170,29.9,3.73,3.73,7.4,91.04,28.9,3.73,9.1740992970123,0.24,12.89,25,S3,0.72,,slats/flaps,,23.13,6,1.55642023346304,0.31,35,12.9,0.254064147627416,0.113405795999781,31.31,12.7,5.15138933248164,0.26,30,14,0.343914762741652,1.29083288964695,5.25,11,,2,4,1.016,0.368,4.7,2,0.34,318.286755771567,575.461335676626,0.320267172089514,1832,2003,2316,2649,1362,1362,1533,1533,142,130,340,0.82,,,2.48749918563493,3.31764024835001,492,26000,3574,429,35000,2100,1360,1700,3450,,1701.5936871984,2024.26989501562,0.060838779956427,183600
737-600,20,BOEING,737,600,1998,0,0,6,0,6,7,0,49,0,56,62,CFMI,CFM56-7B18,2,82,132,108,-,6,23.3,0.176515151515152,65310,65090,54650,51480,9800,7830.8,10260,18390,36440,0.55984022123214,0.150560762021816,0.315854355507758,0.839606698417576,26024,,29.88,3.73,3.73,7.4,124.6,34.3,4.17,9.44213483146067,0.278,,25,S2,0.599,,slats/flaps,,23.13,6,1.55642023346304,0.31,35,13.55,0.185634028892456,7.33335595187398E-02,32.4,13.4,5.54197530864198,0.186,30,13.58,0.260032102728732,0.846819173874384,5.7,,,2,4,1.016,0.368,4.7,2.06,0.282,396.890243902439,522.39165329053,0.256838762732508,,1878,,,1268,1268,,,,,392,0.84,,,,,,41000,,450,39000,1932,,3191,3229,,,,5.33618858595355E-02,344628
737-700,21,BOEING,737,700,1997,0,9,21,36,66,2,24,35,146,207,273,CFMI,CFM56-7B20,2,89,149,128,-,6,30.2,0.202684563758389,69610,69400,58060,54650,11610,10995.8,12160,19655,37585,0.54157060518732,0.167291066282421,0.296238616714697,0.836599423631124,26024,,32.18,3.73,3.73,7.4,124.6,34.3,4.17,9.44213483146067,0.278,,25,S2,0.599,,slats/flaps,,23.13,6,1.55642023346304,0.31,35,14.7,0.185634028892456,7.95574409539097E-02,32.4,13.4,5.54197530864198,0.186,30,14.73,0.260032102728732,0.918530665034585,5.7,12.4,19.5,2,4,1.016,0.368,4.7,2.06,0.282,389.887640449438,556.982343499197,0.261451732778703,,2042,,,1356,1356,,,,,392,0.84,,,,,,41000,,452,39000,2070,,3197,3245,,,,4.80308687832343E-02,409216
737-800,22,BOEING,737,800,1998,2,7,20,13,42,12,45,110,211,378,420,CFMI,CFM56-7B24,2,107,189,160,-,6,47.1,0.249206349206349,78460,78220,65310,61680,14690,15920.8,15200,21540,41480,0.530299156226029,0.187803630784965,0.262835080542061,0.834952697519816,26024,,38.08,3.73,3.73,7.4,124.6,34.3,4.17,9.44213483146067,0.278,,25,S2,0.599,,slats/flaps,,23.13,6,1.55642023346304,0.31,35,17.65,0.185634028892456,9.55230498528235E-02,32.4,13.4,5.54197530864198,0.186,30,17.68,0.260032102728732,1.1024862293151,5.7,,,2,4,1.016,0.368,4.7,2.06,0.282,365.514018691589,627.76886035313,0.278886154762007,,2316,,,1600,1600,,,,,392,0.84,,,,,,41000,,452,39000,2186.84,,2897,2927,,,,4.64704867103901E-02,463520
747-100,23,BOEING,747,100,1969,3,39,23,49,114,0,0,0,0,0,114,PW,JT9D-7A,4,208.8,516,442,386,10,171,0.331395348837209,341555,340195,255830,238815,69625,24170,36670,134335,169190,0.49733241229295,0.204662032069842,0.460689163567954,0.75200987668837,183380,,68.63,8.1,6.5,10.5584615384615,511,59.64,9.8,6.96072328767123,0.284,9.4,37.5,S3,0.7,78.7,kruger,48.1,77.1,10.16,1.33885343709468,0.33,45,30,0.150880626223092,7.58956872349557E-02,136.6,22.08,3.56900732064422,0.265,32,32.5,0.267318982387476,0.886517033427852,11,25.6,,2,16,,,5.61,2.8,0.403/0.695,407.321599616858,665.743639921722,0.250261216887077,3050,3250,3810,,1890,1890,2130,2130,169,141,375,0.92,445,0.95,2.03168841197526,2.57596551368399,507,35000,12880,484,35000,10660,4427,5000,7030,,2535.33871976878,3859.8232049186,6.07850678733032E-02,2210000
747-200,24,BOEING,747,200,1972,10,139,112,103,364,0,0,0,0,0,364,R-R,RB211-524D4,4,236,516,442,386,10,171,0.331395348837209,379200,377840,255830,238815,62820,43110,36670,165175,175995,0.465792398899005,0.166260851153928,0.427261539275884,0.677085538852424,198385,,68.63,8.1,6.5,10.5584615384615,511,59.64,9.8,6.96072328767123,0.284,9.4,37.5,S3,0.7,78.7,kruger,48.1,77.1,10.16,1.33885343709468,0.33,45,30,0.150880626223092,7.58956872349557E-02,136.6,22.08,3.56900732064422,0.265,32,32.5,0.267318982387476,0.886517033427852,11,25.6,,2,16,,,5.61,2.8,0.403/0.695,400.254237288136,739.412915851272,0.254680125000459,3190,3610,,,1890,1890,2130,2130,177,141,375,0.92,445,0.96,2.05714065093626,2.57596551368399,507,35000,12990,484,35000,10700,5930,6500,7392,,2815.89200863456,4212.55822490207,5.74921684650191E-02,2873000
747-400,25,BOEING,747,400,1988,7,270,117,52,446,1,66,20,34,121,567,PW,4056,4,252.4,660,496,412,10,171,0.259090909090909,397730,396830,285760,242670,61186,,39140,176206,181484,0.457334374921251,0.154186931431595,0.406815260942973,0.720106846760578,204350,216850,68.63,8.1,6.5,10.5584615384615,525,62.3,9.68,7.39293333333333,0.275,9.4,37.5,S3,0.639,78.7,kruger,48.1,77.1,10.16,1.33885343709468,0.33,45,30,0.146857142857143,7.07177252923641E-02,136.6,22.08,3.56900732064422,0.265,32,32.5,0.260190476190476,0.873573396300669,11,25.6,42.8,2,16,1.25,,5.64,2.9,0.376/0.667,393.056656101426,755.866666666667,0.259343780602971,3310,3600,4390,,2130,2130,2410,2410,185,153,365,0.92,445,0.97,1.92497557523815,2.37852089663317,507,35000,11370,490,35000,9950,6857,7100,8310,,3117.50550961991,4579.90392676331,5.00357791912767E-02,3521600
757-200,26,BOEING,757,200,1982,8,65,181,551,805,0,5,20,61,86,891,R-R,RB211-535E4B,2,191.3,239,186,-,6,50.69,0.212092050209205,116360,115900,95450,84550,25690,22610,17670,40190,58040,0.500776531492666,0.221656600517688,0.2903505608283,0.823554788610871,42597,,46.96,4.1,4,11.74,185.25,38.05,5.64,7.81539811066127,0.243,,25,S2,0.757,30.38,slats,18.39,34.37,7.33,1.56324992726215,0.351,39,18.97,0.1855330634278,9.24983498876576E-02,50.35,15.21,4.59471896722939,0.326,27.5,19.85,0.271794871794872,0.956583015093654,7.32,18.29,36.6,2,8,,,5.2,2.6,0.342,302.92733925771,625.641025641026,0.336505775392509,2226,2682,,,1564,1564,1774,1774,150,137,350,0.86,,,2.42362926445918,2.80817572550743,513,31000,5039,459,39000,3470,3812,4000,4265,,2185.59629505715,2474.58513140072,5.40188172043011E-02,744000
757-300,27,BOEING,757,300,1999,0,2,15,0,17,0,2,15,0,17,34,R-R,RB211-535E4B,2,192,289,239,-,6,70.9,0.245328719723183,122920,122470,101600,95250,29470,21600,22705,33785,65980,0.538744182248714,0.240630358455132,0.280534824855067,0.829590920225361,43490,,53.96,4.1,4,13.49,185.25,38.05,5.64,7.81539811066127,0.243,,25,S2,0.757,30.38,slats,18.39,34.37,7.33,1.56324992726215,0.351,39,18.97,0.1855330634278,9.24983498876576E-02,50.35,15.21,4.59471896722939,0.326,27.5,19.85,0.271794871794872,0.956583015093654,7.32,18.29,36.6,2,8,,,5.2,2.6,0.342,318.932291666667,661.10661268556,0.31961893432555,2550,,2867,,1700,1800,1930,2040,163,142,350,0.86,,,2.16880137039832,2.78231631034743,505,31000,,461,39000,3098,2925,,3980,,2330.95563086265,2778.60289232457,,
767-200,28,BOEING,767,200,1982,--->,--->,--->,--->,--->,--->,--->,--->,--->,--->,--->,GE,CF6-80A,2,213.5,255,216,174,8,87,0.341176470588235,136985,136078,122470,112491,34065,18098,33912,21245,80921,0.594666294331192,0.250334367054189,0.367000102882171,0.899998530254707,63216,,47.24,5.03,5.03,9.39165009940358,283.3,47.57,6.98,7.98766290151783,0.207,11.5,31.5,S2/S1,0.75,36.88,slats,28.3,46.14,9.01,1.75942999566537,0.306,39,19.82,0.162866219555242,6.78580717171514E-02,77.69,18.62,4.46266443557729,0.2,32,20.34,0.274232262619132,0.799123813993286,9.3,19.69,39.3,2,8,1.143,0.4318,6.22,2.68,0.3243,318.683840749415,480.331803741617,0.319868114256411,1770,1920,2300,2605,1463,1463,1661,1661,142,136,360,0.86,,,2.07629061514091,2.39085383169568,488,39000,5015,459,39000,3770,3150,3220,4800,,1970.86703178475,2347.53107809944,3.05454911433172E-02,695520
767-200ER,29,BOEING,767,200ER,1982,11,56,15,136,218,0,0,0,0,0,218,GE,CF6-80C2B4F,2,257.6,255,216,174,8,87,0.341176470588235,175994,175540,129293,117934,35652,,16530,75222,83788,0.477315711518742,0.203099008772929,0.411246439557935,0.736544377349892,91380,,47.24,5.03,5.03,9.39165009940358,283.3,47.57,6.98,7.98766290151783,0.207,11.5,31.5,S2/S1,0.75,36.88,slats,28.3,46.14,9.013,1.76060184221933,0.306,39,19.82,0.162866219555242,6.78580717171514E-02,77.69,18.62,4.46266443557729,0.2,32,20.34,0.274232262619132,0.799123813993286,9.3,19.69,39.3,2,8,1.143,0.4318,6.22,2.68,0.3243,340.722049689441,619.625838333922,0.299178756635851,2670,3080,,,1524,1524,1725,1725,163,140,360,0.86,,,2.03272110961623,2.38188103120573,488,39000,5015,459,39000,3770,5050,6805,6500,,2551.98701967863,3249.92009937728,5.11756061719324E-02,1469880
767-300,30,BOEING,767,300,1982,--->,--->,--->,--->,--->,--->,--->,--->,--->,--->,--->,GE,CF6-802C2B2F,2,223.5,290,261,216,8,114.1,0.393448275862069,157396,156489,136078,126099,39140,19050,24795,44559,87135,0.556812299906064,0.250113426502821,0.319131951766578,0.869569107093789,63216,,53.67,5.03,5.03,10.6699801192843,283.3,47.57,6.98,7.98766290151783,0.207,11.5,31.5,S2/S1,0.75,36.88,slats,28.3,46.14,9.01,1.75942999566537,0.306,39,23.17,0.162866219555242,7.93275237985065E-02,77.69,18.62,4.46266443557729,0.2,32,23.69,0.274232262619132,0.93073958473456,9.3,22.76,39.3,2,8,1.143,0.4318,6.22,2.68,0.3243,350.087248322148,552.379103423932,0.291175413195011,2545,2850,,,1646,1646,1859,1859,161,141,360,0.86,,,1.85741511490075,2.47144424250174,489,39000,5395,460,39000,3855,3221,4020,5354,,2192.57991396298,2868.96801503092,4.24686910276205E-02,1049220
767-300ER,31,BOEING,767,300ER,1982,9,145,125,210,489,0,8,5,39,52,541,GE,CF6-80C2B6F,2,273.6,290,261,216,8,114.1,0.393448275862069,181890,181437,145149,130634,45541,,20520,71015,89902,0.495499815362908,0.251001725116707,0.397880255956613,0.799996693067015,91380,,53.67,5.03,5.03,10.6699801192843,283.3,47.57,6.98,7.98766290151783,0.207,11.5,31.5,S2/S1,0.75,36.88,slats,28.3,46.14,9.01,1.75942999566537,0.306,39,23.17,0.162866219555242,7.93275237985065E-02,77.69,18.62,4.46266443557729,0.2,32,23.69,0.274232262619132,0.93073958473456,9.3,22.76,39.3,2,8,1.143,0.4318,6.22,2.68,0.3243,331.573464912281,640.441228379809,0.307433525211294,2926,3996,,,1740,1740,1966,1966,173,145,360,0.86,,,1.8651362467912,2.49275254458277,486,39000,5171,459,39000,3815,3500,5760,6100,,2520.39796892776,3123.50979126788,4.72375212856535E-02,1503360
777-100X1,32,BOEING,777,100X1,2000,0,0,0,0,0,0,0,0,0,0,0,R-R/GE/PW,Options,2,400,330,,271,10,,,,286621,,,,,25745,,,,,,,,,56.4,6.2,6.2,9.09677419354839,427.8,60.9,8.75,8.66949509116409,0.149,,31.6,S2/S1,0.758,,slats,,53.23,9.24,1.60393762915649,0.29,46,23.41,0.124427302477793,0.047829936798114,101.26,21.35,4.50150602409639,0.3,35,24.71,0.236699392239364,0.668439083683964,11,25.8,41,2,12,1.1176,0.4572,7.3,3.2,0.326,358.27625,669.988312295465,0.284520113137574,,,,,,,,,,,,,,,,,,,,,,,,7625,,,,,,
777-100X2,33,BOEING,777,100X2,2000,0,0,0,0,0,0,0,0,0,0,0,R-R/GE/PW,Options,2,400,330,,250,10,,,,299320,,,,,23750,,,,,,,,,59.6,6.2,6.2,9.61290322580645,427.8,60.9,8.75,8.66949509116409,0.149,,31.6,S2/S1,0.758,,slats,,53.23,9.24,1.60393762915649,0.29,46,25.01,0.124427302477793,5.10989628073828E-02,101.26,21.35,4.50150602409639,0.3,35,26.31,0.236699392239364,0.711721258264877,11,25.8,41,2,12,1.1176,0.4572,7.3,3.2,0.326,374.15,699.672744273025,0.272449015594028,,,,,,,,,,,,,,,,,,,,,,,,8420,,,,,,
777-200,34,BOEING,777,200,1995,--->,--->,--->,--->,--->,--->,--->,--->,--->,--->,--->,R-R/GE/PW,Options,2,342.52,440,375,310,10,160,0.363636363636364,243577,242670,201850,190510,54635,,35625,71170,135875,0.559916759385173,0.225141138171179,0.382020521696131,0.831788024889768,117348,,62.78,6.2,6.2,10.1258064516129,427.8,60.9,8.75,8.66949509116409,0.149,,31.6,S2/S1,0.758,,slats,,53.23,9.24,1.60393762915649,0.29,46,26.6,0.124427302477793,5.43475574040936E-02,101.26,21.35,4.50150602409639,0.3,35,27.9,0.236699392239364,0.754732919254658,11,25.8,41,2,12,1.1176,0.4572,7.3,3.2,0.326,354.242088053252,567.251051893408,0.287760270793068,2135,2440,,,1585,1585,1875,1875,,138,330,0.87,,,,2.53441365506305,499,39000,,476,39000,,,4820,,,,,,
777-200IGW,35,BOEING,777,200IGW,1995,3,90,26,38,157,4,74,39,78,195,352,R-R/GE/PW,Options,2,373.66,440,375,310,10,160,0.363636363636364,287804,286897,208652,195045,56925,,29450,119327,138120,0.48142713238549,0.19841615632091,0.465931396982192,0.72727145979219,169208,,62.78,6.2,6.2,10.1258064516129,427.8,60.9,8.75,8.66949509116409,0.149,,31.6,S2/S1,0.758,,slats,,53.23,9.24,1.60393762915649,0.29,46,26.6,0.124427302477793,5.43475574040936E-02,101.26,21.35,4.50150602409639,0.3,35,27.9,0.236699392239364,0.754732919254658,11,25.8,41,2,12,1.1176,0.4572,7.3,3.2,0.326,383.901140073864,670.633473585788,0.265528774321672,,3050,,,1620,1620,1940,1940,,140,330,0.87,,,,2.54550174715467,499,39000,,476,39000,,,7380,,,,,,
777-200X1,36,BOEING,777,200X1,2000,0,0,0,0,0,0,0,0,0,0,0,R-R/GE/PW,Options,2,413.8,440,375,298,10,160,0.363636363636364,,299320,,,,,,,,,,,,174735,,62.78,6.2,6.2,10.1258064516129,427.8,60.9,8.75,8.66949509116409,0.149,,31.6,S2/S1,1.758,,slats,,53.23,9.24,1.60393762915649,0.29,46,26.6,0.124427302477793,5.43475574040936E-02,101.26,21.35,4.50150602409639,0.3,35,27.9,0.236699392239364,0.754732919254658,11,25.8,41,2,12,1.1176,0.4572,7.3,3.2,0.326,361.672305461576,699.672744273025,0.281848506632022,,,,,,,,,,,,,,,,,,,,,,,,7455,,,,,,
777-200X2,37,BOEING,777,200X2,2000,0,0,0,0,0,0,0,0,0,0,0,R-R/GE/PW,Options,2,436,440,375,298,10,160,0.363636363636364,,312925,,,,,,,,,,,,174735,,62.78,6.2,6.2,10.1258064516129,427.8,60.9,8.75,8.66949509116409,0.149,,31.6,S2/S1,2.758,,slats,,53.23,9.24,1.60393762915649,0.29,46,26.6,0.124427302477793,5.43475574040936E-02,101.26,21.35,4.50150602409639,0.3,35,27.9,0.236699392239364,0.754732919254658,11,25.8,41,2,12,1.1176,0.4572,7.3,3.2,0.326,358.858944954128,731.474988312295,0.284058125393909,,,,,,,,,,,,,,,,,,,,,,,,7970,,,,,,
777-300,38,BOEING,777,300,1998,0,11,0,0,11,0,37,0,0,37,48,R-R,Trent 895,2,423,550,479,394,10,200.5,0.364545454545455,299600,299370,237685,224530,68570,,,,155960,0.520960684103284,0.229047666766877,0.451696228747036,0.79395062965561,171170,,72.88,6.2,6.2,11.7548387096774,427.8,60.9,8.75,8.66949509116409,0.149,,31.6,S2/S1,2.758,,slats,,53.23,9.24,1.60393762915649,0.29,46,31.65,0.124427302477793,6.46654207458483E-02,101.26,21.35,4.50150602409639,0.3,35,32.95,0.236699392239364,0.891342282775663,11,25.8,41,2,12,1.1176,0.4572,7.3,3.2,0.326,353.86524822695,699.789621318373,0.288066713799284,,3540,,,1860,1860,,,,,330,0.87,,,,,,,,,,,,5604,,,,,,
DC8-63,39,DOUG.,DC8,63,1959,--->,--->,--->,--->,--->,--->,--->,--->,--->,--->,--->,PW,JT3D-3B,4,80.1,259,189,-,5,70.8,0.273359073359073,160120,158760,111130,100458,30719,15516.2,17955,71066,69739,0.439273116654069,0.193493323255228,0.457205782312925,0.699987402368355,91881,,55.7,3.8,3.8,14.6578947368421,271.9,45.23,7.1,7.52391651342405,0.181,11,30,S2,0.73,,flaps,,23.6,6.4,1.73559322033898,0.333,35,25.7,8.67966164030894E-02,0.049318440007946,51.1,14.48,4.10313894324853,0.341,35,24.95,0.187936741449062,0.660425591430155,,23.6,32.6,2,8,,,6,1.6,,469.704142011834,583.891136447223,0.217023419780567,3505,,,,1801,,,,,,352,0.88,406,0.95,,,,,,,,,,3907,,6686,,,9.62402308703819E-02,738423
DC8-73,40,DOUG.,DC8,73,1980,11,0,7,235,253,0,0,0,0,0,253,CFMI,CFM56-2C,4,98,259,189,-,5,70.8,0.273359073359073,162000,161000,117000,104800,29257,11988,17955,67545,75500,0.468944099378882,0.18172049689441,0.450888819875776,0.726708074534162,91890,,55.7,3.8,3.8,14.6578947368421,271.9,45.23,7.1,7.52391651342405,0.181,11,30,S2,0.73,,flaps,,23.6,6.4,1.73559322033898,0.333,35,25.7,8.67966164030894E-02,0.049318440007946,51.1,14.48,4.10313894324853,0.341,35,24.95,0.187936741449062,0.660425591430155,,23.6,32.6,2,8,,,4.7,2,,410.714285714286,592.129459360059,0.248193945840535,3048,3139,3962,4023,1981,1981,2286,2286,,,352,0.88,406,0.95,,,479,35000,4881,,,,4190,,,,,,,
DC 8-10,41,DOUG.,DC 8,10,1965,0,0,2,92,94,0,0,0,0,0,94,PW,JT8D-5,2,54.5,90,68,-,5,17,0.188888888888889,35605,35245,33565,30120,9570,3495,6460,8235,20550,0.583061427152788,0.27152787629451,0.313803376365442,0.952333664349553,14000,,27.91,3.6,3.6,7.75277777777778,86.77,27.25,3.67,8.55782528523683,0.194,11.65,24,S2,0.67,19.58,none,-,14.96,3.9,1.01671122994652,0.75,42,11.7,0.172409819061888,7.40255002944619E-02,25.6,11.23,4.92628515625,0.318,30,14.35,0.295032845453498,1.15360254284951,5.03,13.32,,2,4,1.024,0.358,5.3,1.56,-,323.348623853211,406.188774922208,0.315253542661686,1615,,,,1411,,,,127,115,425,,350,,2.19504769963339,2.99205155536186,501,25000,,431,35000,,,1311,,,1331.76578286097,1609.5069352307,9.23744783954772E-02,89148
DC 9-30,42,DOUG.,DC 9,30,1967,10,10,38,448,506,0,0,0,0,0,506,PW,JT8D-7,2,62,119,97,-,5,25.3,0.212605042016807,49500,49000,45000,39500,14000,12484,9215,14385,25400,0.518367346938776,0.285714285714286,0.224505102040816,0.918367346938776,13925,,32.28,3.6,3.6,8.96666666666667,92.97,28.47,3.73,8.71830590513069,0.206,11.6,24,S3,0.67,19.58,slats,11.58,14.96,4.9,1.60494652406417,0.75,42,13.1,0.160912122189954,7.40410537649594E-02,25.6,11.23,4.92628515625,0.318,30,15.82,0.275357642250188,1.16787075077694,5.03,16.22,19.8,2,4,1.024,0.358,5.3,1.56,-,395.161290322581,527.051737119501,0.257962512222014,1777,2000,2940,3860,1317,1310,1485,1485,137,126,425,,350,,2.44757270502705,3.11871932742237,503,26000,4050,431,35000,2100,1546,1725,1922,,1657.85279094532,2448.58025264752,0.085970416853429,167325
DC 9-40,43,DOUG.,DC 9,40,1968,0,0,22,47,69,0,0,0,0,0,69,PW,JT8D-15A,2,68.9,125,105,-,5,28.9,0.2312,52168,51710,46265,42184,15510,12792,9975,13935,27800,0.537613614387933,0.299941984142332,0.21273931541288,0.894701218333011,13925,,34.7,3.6,3.6,9.63888888888889,92.97,28.47,3.73,8.71830590513069,0.206,11.6,24,S3,0.67,19.58,slats,11.58,14.96,5.9,2.32687165775401,0.75,42,14.5,0.160912122189954,8.19538381367871E-02,25.6,11.23,4.92628515625,0.318,30,17.23,0.275357642250188,1.27196036889296,5.03,17.1,20.7,2,4,1.024,0.358,5.3,1.56,-,375.253991291727,556.200925029579,0.271647474910556,2091,2402,3734,3831,1457,1457,1655,1655,151,131,425,,350,,2.1261862185822,2.96629843996454,501,27000,3980,440,35000,2280,1423,1685,1790,,1839.44103567859,2579.91367239582,7.87621873675286E-02,176925
DC 9-50,44,DOUG.,DC 9,50,1975,2,0,18,72,92,0,0,0,0,0,92,PW,JT8D-15A,2,68.9,139,122,-,5,28.4,0.20431654676259,54700,54420,49885,44670,15265,12600,11590,13530,29300,0.53840499816244,0.280503491363469,0.234009555310548,0.916666666666667,16120,,37.14,3.6,3.6,10.3166666666667,92.97,28.47,3.73,8.71830590513069,0.206,11.6,24,S3,0.67,19.58,slats,11.58,14.96,6.9,3.18248663101604,0.75,42,15.72,0.160912122189954,8.88492645179513E-02,25.6,11.23,4.92628515625,0.318,30,18.45,0.275357642250188,1.36202372641179,5.03,18.6,23,2,4,1.024,0.358,5.3,1.56,-,394.920174165457,585.350112939658,0.258120009695422,2362,3130,3680,3570,1439,1439,1580,1525,160,132,425,,350,,1.99296296246613,3.15011916065074,501,27000,4525,441,35000,2650,1361,1500,1914,,1822.87853731598,2690.67370459542,7.39344262295082E-02,183000
MD-81,45,McDON-DOUG.,MD-81,,1980,--->,--->,--->,--->,--->,--->,--->,--->,--->,--->,--->,PW,JT8D-209,2,85.6,172,155,-,5,35.2,0.204651162790698,63950,63500,58000,53500,17953,10252,14725,13205,35570,0.560157480314961,0.282724409448819,0.275019527559055,0.913385826771654,22106,,41.3,3.61,3.61,11.4404432132964,112.3,32.87,4.08,9.6209875333927,0.195,11,24.5,S2,0.67,,slats,,15.6,4.1,1.0775641025641,0.707,42,15.7,0.138913624220837,6.63505902119605E-02,29.17,12.24,5.13601645526226,0.33,30,18,0.259750667853963,1.14595882876748,5.08,22.07,22.8,2,4,1.13,0.508,6.1,2,-,370.911214953271,565.449688334817,0.274828031817124,2195,2646,2804,2987,1481,1481,1664,1664,148,133,340,0.84,395,0.9,2.25005961507462,2.98670723846403,499,27000,4077,439,35000,2560,1385,1564,2851,,1857.24980712112,2574.74527556201,5.44715782526194E-02,242420
MD-82,46,McDON-DOUG.,MD-82,,1980,--->,--->,--->,--->,--->,--->,--->,--->,--->,--->,--->,PW,JT8D-217AC,2,92.7,172,155,-,5,35.2,0.204651162790698,68270,67812,58970,55340,18802,14620,14725,17457,35630,0.525423228927034,0.277266560490769,0.257531705302896,0.869610098507639,22106,26384,41.3,3.61,3.61,11.4404432132964,112.3,32.87,4.08,9.6209875333927,0.195,11,24.5,S2,0.67,,slats,,15.6,4.1,1.0775641025641,0.707,42,15.7,0.138913624220837,6.63505902119605E-02,29.17,12.24,5.13601645526226,0.33,30,18,0.259750667853963,1.14595882876748,5.08,22.07,22.8,2,4,1.13,0.508,6.1,2,-,365.760517799353,603.846838824577,0.278698203397737,2274,2612,2804,2987,1500,1500,1682,1682,153,134,340,0.84,395,0.9,2.24836813722457,2.99150321494687,499,27000,4077,439,35000,2560,1860,2050,2668,,1980.1875723454,2707.05535904335,5.49394177812746E-02,317750
MD-83,47,McDON-DOUG.,MD-83,,1980,--->,--->,--->,--->,--->,--->,--->,--->,--->,--->,--->,PW,JT8D-219,2,96.5,172,155,-,5,28.7,0.166860465116279,73030,72580,63280,55340,18721,14887,14725,21235,36620,0.504546707081841,0.257936070542849,0.288385918985947,0.87186552769358,26495,,41.3,3.61,3.61,11.4404432132964,112.3,32.87,4.08,9.6209875333927,0.195,11,24.5,S2,0.67,,slats,,15.6,4.1,1.0775641025641,0.707,42,15.7,0.138913624220837,6.63505902119605E-02,29.17,12.24,5.13601645526226,0.33,30,18,0.259750667853963,1.14595882876748,5.08,22.07,22.8,2,4,1.13,0.508,6.1,2,-,376.062176165803,646.304541406946,0.271063684797597,2551,3066,2804,2987,1585,1585,1783,1783,153,139,340,0.84,395,0.9,2.40645548575118,2.98335416306941,499,27000,4027,439,35000,2518,2369,2502,3147,,2125.20780458697,2987.13630397315,5.47561950439648E-02,387810
MD-87,48,McDON-DOUG.,MD-87,,1980,8,94,336,706,1144,0,0,0,29,29,1173,PW,JT8D-217B/C,2,92.7,130,114,-,5,26.6,0.204615384615385,63950,63500,58000,53524,17619,12728,10830,19417,33253,0.523669291338583,0.277464566929134,0.275019527559055,0.913385826771654,22106,26495,36.3,3.61,3.61,10.0554016620499,112.3,32.87,4.08,9.6209875333927,0.195,11,24.5,S2,0.67,,slats,,18.5,4.2,0.953513513513514,0.75,42.5,13.6,0.164737310774711,6.81602502749031E-02,29.17,12.24,5.13601645526226,0.4,30,16.3,0.259750667853963,1.03772938382833,5.08,19.18,20.6,2,4,1.13,0.508,6.1,1.95,-,342.502696871629,565.449688334817,0.297623347540273,1865,2161,2643,2987,1451,1451,1614,1614,141,133,340,0.84,395,0.9,2.47901543225162,2.98670723846403,499,27000,3924,439,35000,2458,1863,2372,2958,,1857.24980712112,2377.54256297852,7.18063075056951E-02,270408
MD-90-30,49,McDON-DOUG.,MD-90,30,1995,2,52,10,21,85,0,43,0,0,43,128,IAE,V2525-D5,2,111.21,182,153,-,5,38.03,0.208956043956044,71215,70760,64410,58965,17350,13659.4,14535,16810,39415,0.557023742227247,0.245195025438101,0.246813595251555,0.910260033917467,22107,,43,3.61,3.61,11.9113573407202,112.3,32.87,4.08,9.6209875333927,0.195,11,24.5,S2,0.63,,slats,,21.4,4.7,1.03224299065421,0.77,43,15.6,0.190560997328584,9.04396579959207E-02,33,12.24,4.53992727272727,0.36,30,18.6,0.293855743544078,1.33963647792153,5.09,23.53,,2,4,,,5.75,1.55,-,318.136858196205,630.097951914515,0.320418073411783,2135,,,,1564,,,,,,,0.76,,,,,,,,437,35000,,,2275,2267,,,,4.82941894706601E-02,348075
DC10-10,50,DOUG.,DC10,10,1971,--->,--->,--->,--->,--->,--->,--->,--->,--->,--->,--->,GE,CF6-50C2B,3,178,380,277,231,9,132.2,0.347894736842105,192218,190854,164854,151956,48330,32000,26315,53195,111344,0.583398828423821,0.253230217862869,0.571904964003898,0.863770211784925,138165,,51.97,6.02,6.02,8.63289036544851,367.7,50.4,8.586,6.90824041338047,0.222,11,35,S2,0.68,62.1,slats,43.84,56.21,11.16,2.21571962284291,0.475,40,20.65,0.152869186837095,6.26339029401988E-02,124.3,21.69,3.78484392598552,0.344,35,19.8,0.338047321185749,0.779564053048898,10.67,22.05,39,2,8,,,6.5,2.7,0.343,357.404494382022,519.048137068262,0.285214094357603,2625,3816,4154,4135,1720,1720,2012,2012,157,140,356,0.88,400,0.95,1.83540461101006,2.33990102240031,475,31000,9445,490,31000,6920,3300,4000,5750,,2176.10154271241,2906.92046492592,4.80099277978339E-02,1108000
DC10-30,51,DOUG.,DC10,30,1973,5,32,51,251,339,0,0,0,0,0,339,GE,CF6-50C2B,3,236,380,277,231,9,132.2,0.347894736842105,265000,263636,182798,166922,48330,32000,26315,115957,121364,0.460346841857713,0.183320942511645,0.4140191400264,0.693372680514042,138165,153434,51.97,6.02,6.02,8.63289036544851,367.7,50.4,8.586,6.90824041338047,0.222,11,35,S2,0.68,62.1,slats,43.84,56.21,11.16,2.21571962284291,0.475,40,20.65,0.152869186837095,6.26339029401988E-02,124.3,21.69,3.78484392598552,0.344,35,19.8,0.338047321185749,0.779564053048898,10.67,22.05,39,2,10,,,6.5,2.7,0.343,372.367231638418,716.986673918956,0.27375340933192,2996,3194,4340,4255,1820,1820,2063,2063,184,147,356,0.88,400,0.95,1.84586070441048,2.35337339567851,530,31000,9743,490,31000,7313,4000,5373,6400,,2988.74767772119,4159.62989462209,7.79112839232934E-02,1488321
MD-11,52,McDON-DOUG.,MD-11,,1990,0,46,55,77,178,0,3,10,3,16,194,GE,CF6-80C2 D1F,3,274,405,323,293,10,194,0.479012345679012,285081,283720,207744,195043,55566,30343,30685,118954,134081,0.472582123220076,0.195848019173833,0.423534893557028,0.732214859720852,152108,161226,58.65,6.02,6.02,9.74252491694352,338.9,51.77,7.68,7.90832959575096,0.239,9.35,35,S2,0.7,,slats,,56.2,11.16,2.21611387900356,0.369,40,20.92,0.165830628503984,6.70113337512717E-02,85.5,18.03,3.80211578947368,0.383,35,20.92,0.252286810268516,0.687218759221009,10.6,24.6,41,2,10,,,6.5,2.7,0.308,345.158150851582,837.179108881676,0.295333599780289,2926,3078,3633,4031,1966,1966,2234,2234,177,148,365,0.87,400,0.92,2.32913861805127,2.86273527168904,576,31000,8970,536,31000,7060,5994,6787,8234,,2868.83916209397,3700.99345814682,5.42623600664355E-02,2192201
MD-12-LR,53,McDON-DOUG.,MD-12,LR,none,0,0,0,0,0,0,0,0,0,0,0,R-R/GE/PW,Options,4,284.7,660,,481,11+8,126.4,0.191515151515152,,430846,291468,273308,85489,,45695,197332,187819,0.435930703778148,,,0.67650158061117,,,58.82,8.51,7.47,7.87416331994645,543,64.92,9.8,7.76170607734807,0.215,,35,S2,,,slats,,96.1,12.9,1.73163371488033,0.345,40,24.5,0.176979742173112,6.67899519907771E-02,113.8,22.55,4.46838752196837,0.326,35,24.67,0.209576427255985,0.527576577592363,11.59,26.84,,2,16,,,7.27,3.1,0.370/0.630,378.333333333333,793.454880294659,0.269436473615433,3080,,,,2577,,,,,,,0.85,,,,,,,,,,,8000,,,,,,,
MD-12-HC,54,McDON-DOUG.,MD-12,HC,none,0,0,0,0,0,0,0,0,0,0,0,R-R/GE/PW,Options,4,284.7,660,,511,11+8,126.4,0.191515151515152,,430846,291468,273308,78452,,48545,187445,194856,0.452263685864555,,,0.67650158061117,,,58.82,8.51,7.47,7.87416331994645,543,64.92,9.8,7.76170607734807,0.215,,35,S2,,,slats,,96.1,12.9,1.73163371488033,0.345,40,24.5,0.176979742173112,6.67899519907771E-02,113.8,22.55,4.46838752196837,0.326,35,24.67,0.209576427255985,0.527576577592363,11.59,26.84,,2,16,,,7.27,3.1,0.370/0.630,378.333333333333,793.454880294659,0.269436473615433,3080,,,,2577,,,,,,,0.85,,,,,,,,,,,7200,,,,,,,
L1011-100,55,LOCKHD,L1011,100,1973,1,27,17,111,156,0,0,0,0,0,156,R-R,RB211-22B,3,187,400,304,-,10,110.4,0.276,212281,211374,166922,145150,33355,19138,28880,70699,111795,0.528896647648244,0.157800864817811,0.373745115293272,0.78969977386055,100000,,54.2,6.06,6.06,8.94389438943895,321.5,47.35,7.9,6.97363141524106,0.259,10.7,35,S2,0.77,49.8,slats,33.45,51.1,9.9,1.91800391389433,0.29,35,20.6,0.158942457231726,6.91491999783223E-02,119.1,21.9,4.02695214105793,0.31,35,17.7,0.37045101088647,0.829997834517786,10.9,21.33,43,2,8,,,6.3,2.75,0.436,376.780748663102,657.461897356143,0.2705467292217,3292,3475,4115,3719,1768,1768,1996,1996,159,143,375,0.9,435,0.95,2.26673017836655,2.59721693838244,512,33000,7938,483,33000,6895,,3455,4685,,2483.3124710332,3497.14836392766,6.73118668596237E-02,1050320
Il-62-M/MK,56,ILYUSHIN,Il-62,M/MK,1974,2,4,109,9,124,0,0,2,0,2,126,Soloviev,D-30KU,4,107.9,174,140,-,6,48,0.275862068965517,,165000,105000,94600,23000,9160,13300,80100,71600,0.433939393939394,0.139393939393939,0.504163636363636,0.636363636363636,105300,,49,4.3,4.3,11.3953488372093,279.55,43.2,7.47,6.67587193704167,0.254,,32.5,S2,0.72,43.48,none,,35.6,6.05,1.02816011235955,0.54,40,16.6,0.127347522804507,4.89344647813616E-02,50.5,12.23,2.9618396039604,0.36,35,22.5,0.180647469146843,0.544118882972419,6.8,24.49,,2,8,1.45,0.45,6.15,2.35,,382.298424467099,590.23430513325,0.266641954715349,3300,,,,2500,,,,145,129,486,,,,2.446875822683,2.30886255801244,486,33000,,442,39400,,4160,,4963,,2507.81429724497,3583.37174759442,,
Il-86,57,ILYUSHIN,Il-86,,1980,0,3,92,0,95,0,0,0,0,0,95,Kuznetsov,KKBM NK-86,4,127.5,350,234,-,9,71.52,0.204342857142857,,208000,175000,,42000,,22230,185770,,,0.201923076923077,0.432980769230769,0.841346153846154,114000,,56.1,6.08,6.08,9.22697368421053,320,48.06,7.69,7.21801125,0.265,,35,S2,0.74,,slats,,57.1,8.8,1.35621716287215,0.33,44,24.9,0.1784375,9.24488920099875E-02,90.9,20.57,4.65483938393839,0.41,36,25.3,0.2840625,0.934561931079324,11.15,21.34,,2,8,1.3,0.48,7,2,0.41/0..69,407.843137254902,650,0.249941190308163,2600,,,,2300,,,,,140,,,,,,2.85416908747482,512,9000,,486,11000,,1944,,2480,,2234.10029489231,3405.56997149809,,
Il-96-300,58,ILYUSHIN,Il-96,300,1994,0,0,9,0,9,0,0,9,0,9,18,Soloviev,PS-90A,4,156.9,300,,235,9,115.9,0.386333333333333,,216000,175000,157000,40000,0,22325,76675,117000,0.541666666666667,0.185185185185185,0.550026527777778,0.810185185185185,150387,,51.15,6.08,6.08,8.41282894736842,391.6,55.57,8.04,7.88566113381001,0.279,,30,S2,0.79,,slats,,61,9.4,1.44852459016393,0.28,45,23.55,0.155771195097038,6.60142458977009E-02,96.5,20.57,4.38471398963731,0.29,37.5,24.25,0.246424923391216,0.743259252765793,10.4,20.07,,2,8,1.3,0.48,5.9,2.2,0.37/0.58,344.168260038241,551.583248212462,0.296183033186091,2760,,,,1980,,,,,140,,,,,,2.33231386106216,486,10100,,459,12100,,4050,4860,5940,,2320.02722931124,2984.40584141162,,
Il-96-M,59,ILYUSHIN,Il-96,M,1996,0,0,0,0,0,0,0,23,0,23,23,PW,2337,4,164.6,375,335,312,9,143.04,0.38144,,270000,175158,190423,58000,17290.4,29640,107960,132400,0.49037037037037,0.214814814814815,0.440021222222222,0.648733333333333,150387,,60.5,6.08,6.08,9.95065789473684,391.6,55.57,8.04,7.88566113381001,0.279,,30,S2,0.79,,slats,,56.2,8,1.13879003558719,0.4,45,25.9,0.143513789581205,6.68887376309738E-02,96.5,20.57,4.38471398963731,0.29,37.5,26.5,0.246424923391216,0.812221451476021,10.4,27.35,,2,8,1.3,0.48,6,2.6,0.37/0.58,410.085054678007,689.479060265577,0.24857477252992,3350,,,,2250,,,,,,,0.86,,,,,469,9000,,459,12000,,,6195,,,,,5.20207678315445E-02,2075325
Tu-134,60,TUPOLEV,Tu-134,,1967,1,11,353,0,365,0,0,0,0,0,365,Soloviev,D-30 Srs II,2,66.7,84,68,-,4,14.5,0.172619047619048,47200,47000,43000,37250,8200,3550,6460,11490,29050,0.618085106382979,0.174468085106383,0.302553191489362,0.914893617021277,18000,,33.2,2.9,2.9,11.448275862069,127.3,29,5.13,6.60644147682639,0.255,,35,S2,0.605,22.5,none,-,21.25,5.25,1.29705882352941,0.56,40,13.2,0.166928515318146,7.59812552482596E-02,30.68,11.8,4.53846153846154,0.396,35,14.9,0.241005498821681,0.699996478059074,10.5,15.8,,2,8,0.93,0.305,5.75,1.55,-,352.323838080959,369.206598586017,0.289327000238575,2400,,,,2200,,,,,,,,,,,,458,32800,,432,36100,,1020,1550,,,,,0.109013282732448,105400
Tu-154M,61,TUPOLEV,Tu-154M,,1972,1,60,521,6,580,0,0,0,0,0,580,Aviadvigatel,D-30KU-154-II,3,104,180,154,-,6,43,0.238888888888889,100450,100000,80000,74000,18000,11660,14630,30070,55300,0.553,0.18,0.32627,0.8,41300,47000,43.5,3.8,3.8,11.4473684210526,201.45,37.55,6.25,6.99926780838918,0.267,,35,S3,0.75,,slats,,31.7,5.6,0.989274447949527,0.65,45,14.4,0.157359146190122,6.03454515349601E-02,42.2,13.4,4.25497630331754,0.48,40,18.3,0.209481260858774,0.61336113179449,11.5,18.92,36,2,12,0.93,0.305,7.1,2.2,-,320.512820512821,496.401092082403,0.318042813455657,2100,2420,2500,3240,2060,2210,2330,2600,138,121,310,0.9,,,2.27194619514548,2.77459547561234,514,31000,4600,459,36000,3650,2019,2805,3564,,1755.10079077515,2102.52636750292,6.96113156006204E-02,431970
Tu-204-200,62,TUPOLEV,Tu-204,200,1997,2,0,8,0,10,0,0,0,0,0,10,Soloviev,PS-90A,2,157,214,196,190,6,26.4,0.123364485981308,111750,110750,89500,84200,25200,18999.6,18620,33130,59000,0.532731376975169,0.227539503386005,0.292018239277652,0.808126410835214,40938,,46.7,3.8,4.1,11.390243902439,182.4,40.3,5.4,8.90400219298245,0.228,,28,S2,0.77,,slats,,34.2,7.7,1.73362573099415,0.34,36,21.8,0.1875,0.101426799007444,44.6,15.1,5.11233183856502,0.3,34,21.3,0.244517543859649,0.964485867446394,7.82,17,,2,8,,,6,2.6,0.33,352.707006369427,607.18201754386,0.289012685724016,2500,,,,2130,,,,151,,314,,340,,2.32107136068506,,458,40000,3270,,,,1565,,2079,,,,,
Tu-334,63,TUPOLEV,Tu-334,,none,0,0,0,0,0,0,0,0,0,0,0,Lotarev,D-436T1,2,73.55,102,85,-,6,,0,46700,46500,43404,41050,11000,6910,9690,6760,30050,0.646236559139785,0.236559139784946,0.202596774193548,0.93341935483871,11925,,25.9,4.05,4.05,6.39506172839506,83.226,28,3.53,9.42013313147334,0.228,,24,S2,0.67,,slats,,23.5,4.65,0.920106382978723,0.83,37.5,10.2,0.28236368442554,0.102861056469304,22.3,10.7,5.13408071748879,0.36,27,12.8,0.267945113305938,0.971585679976206,4.7,11.25,,2,4,,,5,1.9,-,316.111488783141,558.719630884579,0.322471035699802,,,,,,,,,,,,,,,,,448,,,,36500,,1080,,1566,,,,,
RJ70,64,BAe,RJ70,,1982,--->,--->,--->,--->,--->,--->,--->,--->,--->,--->,--->,Textron,LF507,4,27.27,94,70,-,6,13.7,0.145744680851064,41049,40823,37875,32432,9072,7213,6650,10813,23360,0.5722264409769,0.222227665776646,0.226958332312667,0.927785807020552,11728,12901,24,3.56,3.56,6.74157303370786,77.3,26.21,3.17,8.88698706338939,0.356,12.975,15,F1,0.78,19.51,none,,15.51,4.85,1.51660219213411,0.67,36,12.85,0.200646830530401,9.83712999738899E-02,15.61,11.09,7.87880204996797,0.41,20,10.85,0.201940491591203,0.69118433241784,4.72,10.09,18.03,2,4,,0.19,2.6,1.4,0.315/0.50,374.248258159149,528.111254851229,0.272377484629887,1440,1791,1840,2404,1170,1170,1323,1323,119,121,300,0.73,,,3.25053604959709,3.42334056323412,432,29000,2150,356,29000,1635,1105,1952,1613,,1513.36722549046,2116.88904351016,7.91349531615925E-02,136640
RJ85,65,Bae,RJ85,,1982,--->,--->,--->,--->,--->,--->,--->,--->,--->,--->,--->,Textron,LF507,4,31.14,112,85,-,6,18.3,0.163392857142857,42410,42184,38555,35834,11749,7848,8075,10023,24086,0.570974777166698,0.27851792148682,0.219635880902712,0.913972122131614,11728,12901,26.5,3.56,3.56,7.4438202247191,77.3,26.21,3.17,8.88698706338939,0.356,12.975,15,F1,0.78,19.51,none,,15.51,4.85,1.51660219213411,0.67,36,14.35,0.200646830530401,0.109854331099247,15.61,11.09,7.87880204996797,0.41,20,12.35,0.201940491591203,0.786739770079293,4.72,11.2,18.03,2,4,,0.19,2.6,1.4,0.315/0.50,338.664097623635,545.717981888745,0.300996769069363,1646,1996,2103,2652,1192,1192,1335,1335,124,122,300,0.73,,,3.09348760828001,3.42790873984904,432,29000,2237,356,29000,1744,1148,1782,1454,,1561.73743486659,1976.83837113564,6.61715191126956E-02,151470
RJ100,66,BAe,RJ100,,1982,--->,--->,--->,--->,--->,--->,--->,--->,--->,--->,--->,Textron,LF507,4,31.14,112,100,-,6,22.99,0.205267857142857,44452,44225,40143,37421,12429,8982,9500,9732,24993,0.565132843414358,0.28104013566987,0.209499604296213,0.907699265121538,11728,12901,28.9,3.56,3.56,8.11797752808989,77.3,26.21,3.17,8.88698706338939,0.356,12.975,15,F1,0.78,19.51,none,,15.51,4.85,1.51660219213411,0.67,36,15.3,0.200646830530401,0.117126917478639,15.61,11.09,7.87880204996797,0.41,20,13.45,0.201940491591203,0.856813757697691,4.72,12.52,18.67,2,4,,0.19,2.6,1.4,0.315/0.50,355.049775208735,572.121604139715,0.287105657578791,1829,2118,2316,3033,1265,1265,1402,1402,127,123,305,0.73,,,3.09175016300723,3.51129895907485,432,29000,2310,371,29000,1944,1166,1671,1138,,1598.41500311593,2121.15679406298,5.82405745062837E-02,167100
RJ115,67,BAe,RJ115,,1982,2,71,148,46,267,0,0,22,0,22,289,Textron,LF507,4,31.14,128,115,-,6,22.99,0.179609375,46266,46040,40143,37421,11265,10095,10925,8955,26160,0.568201563857515,0.244678540399652,0.221368158123371,0.871915725456125,12901,,28.9,3.56,3.56,8.11797752808989,77.3,26.21,3.17,8.88698706338939,0.356,12.975,15,F1,0.78,19.51,none,,15.51,4.85,1.51660219213411,0.67,36,15.3,0.200646830530401,0.117126917478639,15.61,11.09,7.87880204996797,0.41,20,13.45,0.201940491591203,0.856813757697691,4.72,12.52,18.67,2,4,,0.19,2.6,1.4,0.315/0.50,369.621066152858,595.601552393273,0.275787309001347,1829,2118,2316,3033,1265,1265,1402,1402,127,123,305,0.73,,,3.21863600915439,3.51129895907485,432,29000,2380,371,29000,2028,1470,1794,1328,,1664.01417170057,2298.83456825354,4.34055547477098E-02,206310
CRJ100,68,CADAIR,CRJ100,,1992,--->,--->,--->,--->,--->,--->,--->,--->,--->,--->,--->,GE,CF34-3A1,2,41,52,-,-,4,14.04,0.27,21636,21523,20275,19141,5488,3630,4940,2930,13653,0.634344654555592,0.254983041397575,0.194536077684338,0.942015518282767,5300,,24.38,2.69,2.69,9.0631970260223,54.54,20.52,3.15,7.72039603960396,0.288,10.825,24.75,S2,0.66,10.6,slats,,9.18,2.6,0.736383442265795,0.73,41,10.7,0.168316831683168,0.087767548684693,9.44,6.35,4.27145127118644,0.55,30,12.9,0.173083975064173,0.708820088358042,,11.39,22.86,2,4,0.95,0.3,3.8,1.5,-,262.475609756098,394.627796112945,0.388366748739927,1605,,,,1440,,,,,138,335,0.85,,,,1.99680316143961,459,37000,,424,37000,,,980,,,1938.74827255229,1901.97305572387,,
CRJ100ER,69,CADAIR,CRJ100ER,,1992,6,5,84,158,253,0,0,46,182,228,481,GE,CF34-3A1,2,41,52,-,-,4,14.04,0.27,23246,23133,21319,19958,6295,3006,4940,4530,13663,0.590628107033243,0.272122076686984,0.275934811740803,0.921583884494013,8080,,24.38,2.69,2.69,9.0631970260223,54.54,20.52,3.15,7.72039603960396,0.288,10.825,24.75,S2,0.66,10.6,slats,,9.18,2.6,0.736383442265795,0.73,41,10.7,0.168316831683168,0.087767548684693,9.44,6.35,4.27145127118644,0.55,30,12.9,0.173083975064173,0.708820088358042,,11.39,22.86,2,4,0.95,0.3,3.8,1.5,-,282.109756097561,424.147414741474,0.361337376610447,1605,,,,1440,,,,,138,335,0.85,,,,2.09962252028266,459,37000,,424,37000,,,1620,,,1981.73057224291,2089.56890955277,,
EMB-145,70,EMBRAER,EMB-145,,1997,0,0,21,62,83,0,2,25,86,113,196,Allison,AE3007A,2,31.32,50,-,-,3,13.61,0.2722,19300,19200,18700,17100,5515,3498.2,4750,2865,11585,0.603385416666667,0.287239583333333,0.211736458333333,0.973958333333333,5146,,27.93,2.28,2.28,12.25,51.18,20.04,3.13,7.84684642438452,0.231,11,22.73,S2,0.72,8.36,none,,7.2,3.1,1.33472222222222,0.6,32,11.5,0.140679953106682,8.07295140083257E-02,11.2,7.6,5.15714285714286,0.56,17,12.9,0.218835482610395,0.901909816509294,4.1,14.45,,2,4,0.98,0.31,4,1.5,,306.513409961686,375.146541617819,0.33256880733945,1500,,,,1290,,,,,126,320,0.76,,,,2.35422481906021,410,37000,1022,367,32000,880,850,1390,1640,,1563.22690317228,1790.87586377494,,
F70,71,FOKKER,F70,,1988,0,5,37,0,42,0,0,0,0,0,42,R-R,Tay 620,2,61.6,79,70,-,5,12.78,0.161772151898734,36965,36740,34020,31975,9302,6355,6650,7417,22673,0.617120304844856,0.253184540010887,0.207283614589004,0.925966249319543,9640,13365,27.88,3.3,3.3,8.44848484848485,93.5,28.08,3.8,8.43300962566845,0.235,10.275,17.45,F2,0.58,17.08,none,,12.3,3.3,0.885365853658536,0.74,41,11.4,0.131550802139037,5.34073769367887E-02,21.72,10.04,4.6409576427256,0.39,26,14.4,0.232299465240642,0.88029271038559,5.04,11.54,17.78,2,4,1.016,0.356,5.1,1.7,,298.214285714286,392.941176470588,0.341823997265408,1296,1434,1639,1965,1210,1210,1335,1335,126,119,320,0.77,380,0.84,2.15729698975527,2.62830931804132,461,26000,2391,401,35000,1475,1085,1080,,,1466.62834344366,1634.71670603093,9.81084656084656E-02,75600
F100,72,FOKKER,F100,,1988,1,32,57,177,267,0,0,0,0,0,267,R-R,Tay 620,2,61.6,119,107,-,5,16.72,0.140504201680672,43320,43090,38780,35830,11108,7805,10165,8332,24593,0.570735669528893,0.257786029241123,0.245030169412857,0.899976792759341,13365,,32.5,3.3,3.3,9.84848484848485,93.5,28.08,3.8,8.43300962566845,0.235,10.275,17.45,F2,0.58,17.08,none,,12.3,3.3,0.885365853658536,0.74,41,13.6,0.131550802139037,6.37140637140637E-02,21.72,10.04,4.6409576427256,0.39,26,16,0.232299465240642,0.978103011539544,5.04,14.01,20.07,2,4,1.016,0.356,5.1,1.7,,349.756493506493,460.855614973262,0.291450769541218,1856,2307,2613,3033,1321,1321,1467,1458,136,128,320,0.77,380,0.84,2.1717536149485,2.58954792943153,456,26000,2565,414,35000,1716,1290,1290,,,1745.86209874871,2282.28410811997,6.03636890531044E-02,138030
F130,73,FOKKER,F130,,none,0,0,0,0,0,0,0,0,0,0,0,none,,2,,,137,-,5,,,55565,55340,51255,48080,16525,13093,13015,10770,31555,0.570202385254789,0.298608601373329,0.190790567401518,0.926183592338273,13365,,38.8,3.3,3.3,11.7575757575758,114,31.09,4.18,8.47884298245614,0.235,10.275,17.45,F2,0.616,17.08,none,,12.3,3.3,0.885365853658536,0.74,41,15.7,0.107894736842105,0.054485280425251,21.72,10.04,4.6409576427256,0.39,26,17.3,0.190526315789474,0.788541928985142,5.04,19.1,,2,4,1.016,0.356,4.6,1.95,,,485.438596491228,,1825,,,,1430,,,,,,320,0.77,380,0.84,,,,,,,,,,1700,,,,,4.62430227565479E-02,232900
